{
    "success_rate": 60.0,
    "average_speed": 12.303899507252906,
    "total_fallbacks": 187,
    "avg_episode_length": 200.0,
    "collision_rate": 0.0,
    "avg_lane_deviation": 1.4169886112213135
}