{
    "success_rate": 100.0,
    "average_speed": 21.090666273011422,
    "total_fallbacks": 0,
    "avg_episode_length": 400.0,
    "collision_rate": 0.0,
    "avg_lane_deviation": 1.0957881212234497,
    "average_reward": 54.45255661010742,
    "average_uncertainty_rl_active": 0.015536337110646696,
    "fallback_activation_rate_percent": 0.0
}